Transaction Date,Posted Date,Card No.,Description,Category,Debit,Credit
12/6/2019,12/7/2019,9218,PICK N SAVE #880,Merchandise,16.75,
12/5/2019,12/6/2019,9218,PANERA BREAD #601553,Dining,11.96,
12/4/2019,12/5/2019,9218,SENDIK S GERMANTOWN,Merchandise,9.06,
12/4/2019,12/4/2019,9218,CAPITAL ONE AUTOPAY PYMT,Payment/Credit,,2555.19
12/3/2019,12/4/2019,9218,PANERA BREAD #601553,Dining,13.74,
12/2/2019,12/4/2019,9218,MECCA SPORTS  10687002,Dining,9,
12/2/2019,12/4/2019,9218,KWIK TRIP  63100006312,Gas/Automotive,33.78,
12/3/2019,12/3/2019,9218,UBER   TRIP,Other Travel,7.55,
12/2/2019,12/3/2019,9218,SENDIK S GERMANTOWN,Merchandise,7.95,
12/2/2019,12/3/2019,9218,Callaway Preowned,Merchandise,136.16,
11/30/2019,12/2/2019,9218,PICK N SAVE #880,Merchandise,40.35,
11/30/2019,12/2/2019,9218,THE STORE 90,Gas/Automotive,10.22,
11/29/2019,11/30/2019,9218,WAL-MART #1799,Merchandise,8.06,
11/28/2019,11/29/2019,9218,HLU*Hulu 318991827253-U,Phone/Cable,47.49,
11/26/2019,11/29/2019,9218,KWIK TRIP  63300006338,Gas/Automotive,9.58,
11/26/2019,11/29/2019,9218,KWIK TRIP  63300006338,Gas/Automotive,38.88,
11/26/2019,11/27/2019,9218,NBA*MILWAUKEE BUCK,Entertainment,99,
11/25/2019,11/26/2019,9218,FESTIVAL FOODS,Merchandise,21.75,
11/25/2019,11/26/2019,9218,SNOW.COM/VAIL RESORTS SKI,Entertainment,254.95,
11/25/2019,11/26/2019,9218,APPLE.COM/BILL,Merchandise,22.17,
11/24/2019,11/25/2019,9218,ADOBE PHOTOGPHY PLAN,Merchandise,10.59,
11/22/2019,11/23/2019,9218,MILLS FLEET FARM 1600,Merchandise,24,
11/22/2019,11/23/2019,9218,MILLS FLEET FARM 1600,Merchandise,10.54,
11/22/2019,11/23/2019,9218,MILLS FLEET FARM 1600,Merchandise,41.13,
11/21/2019,11/23/2019,9218,KWIK TRIP  63100006312,Gas/Automotive,36.56,
11/20/2019,11/22/2019,9218,TANGLE OF GERMANTOWN,Other Services,27,
11/20/2019,11/21/2019,9218,PANERA BREAD #601553,Dining,13.74,
11/19/2019,11/20/2019,9218,Spotify USA,Phone/Cable,10.55,
11/19/2019,11/19/2019,9218,SXM*SIRIUSXM.COM/ACCT,Phone/Cable,,134.02
11/18/2019,11/19/2019,9218,SENDIK S GERMANTOWN,Merchandise,12.18,
11/17/2019,11/18/2019,9218,GLORIOSO BROTHERS CO,Merchandise,16.76,
11/15/2019,11/18/2019,9218,STARBUCKS STORE 09618,Dining,3.12,
11/15/2019,11/16/2019,9218,PANERA BREAD #601553,Dining,13.53,
11/15/2019,11/16/2019,9218,PICK N SAVE #880,Merchandise,24.28,
11/15/2019,11/16/2019,9218,PICK N SAVE #880,Merchandise,24.04,
11/14/2019,11/15/2019,9218,VZWRLSS*APOCC VISN,Phone/Cable,68.72,
11/14/2019,11/14/2019,9218,SXM*SIRIUSXM.COM/ACCT,Phone/Cable,257.79,
11/13/2019,11/14/2019,9218,SENDIK S GERMANTOWN,Merchandise,14.03,
11/13/2019,11/14/2019,9218,SPECTRUM,Phone/Cable,73.91,
11/12/2019,11/14/2019,9218,STARBUCKS STORE 09618,Dining,3.12,
11/12/2019,11/14/2019,9218,KWIK TRIP  63100006312,Gas/Automotive,3.37,
11/12/2019,11/13/2019,9218,SENDIK S GERMANTOWN,Merchandise,8.21,
11/11/2019,11/12/2019,9218,CLARK 8435,Gas/Automotive,34.18,
11/11/2019,11/12/2019,9218,PANERA BREAD #601553,Dining,13.74,
11/11/2019,11/12/2019,9218,LATITUDE CAFE LLC,Merchandise,4.43,
11/10/2019,11/11/2019,9218,PICK N SAVE #868,Merchandise,43.27,
11/9/2019,11/9/2019,9218,UBER   TRIP,Other Travel,6.39,
11/8/2019,11/9/2019,9218,SENDIK S GERMANTOWN,Merchandise,8.72,
11/8/2019,11/9/2019,9218,ST1X GOLF ENTERTAINMENT,Entertainment,16,
11/8/2019,11/9/2019,9218,CODEANYWHERE,Internet,3,
11/6/2019,11/9/2019,9218,USCONNECT WATSN VEND 1 S,Dining,1.45,
11/7/2019,11/8/2019,9218,PANERA BREAD #601553,Dining,13.01,
11/7/2019,11/8/2019,9218,Audible US*PZ7UJ7P83,Other Services,15.79,
11/6/2019,11/7/2019,9218,WEISSMAN AUTO,Gas/Automotive,506.83,
11/5/2019,11/6/2019,9218,SENDIK S GERMANTOWN,Merchandise,3.45,
11/4/2019,11/5/2019,9218,PANERA BREAD #601553,Dining,11.96,
11/4/2019,11/5/2019,9218,Blizzard Entertainment,Entertainment,63.35,
11/4/2019,11/4/2019,9218,CAPITAL ONE AUTOPAY PYMT,Payment/Credit,,2251.19
11/1/2019,11/4/2019,9218,COLORADO STATE UNIVERSITY,Other,60,
11/2/2019,11/4/2019,9218,TRADER JOE'S #711  QPS,Merchandise,74.81,
11/1/2019,11/4/2019,9218,BRISCO COUNTY WOODEN GRIL,Dining,26.31,
11/1/2019,11/4/2019,9218,KWIK TRIP  63100006312,Gas/Automotive,6.19,
11/1/2019,11/2/2019,9218,PANERA BREAD #601553,Dining,12.69,
10/31/2019,11/2/2019,9218,KWIK TRIP  63100006312,Gas/Automotive,35.17,
10/31/2019,11/2/2019,9218,KWIK TRIP  63100006312,Gas/Automotive,8.78,
10/31/2019,11/2/2019,9218,STARBUCKS STORE 09618,Dining,3.12,
10/30/2019,11/1/2019,9218,STARBUCKS STORE 09708,Dining,3.37,
10/30/2019,11/1/2019,9218,KWIK TRIP  93800009381,Gas/Automotive,32.62,
10/30/2019,10/31/2019,9218,CHIPOTLE 0313,Dining,14.75,
10/30/2019,10/31/2019,9218,WYNDHAM,Lodging,79.49,
10/30/2019,10/31/2019,9218,MCDONALD'S F4186,Dining,1.69,
10/30/2019,10/31/2019,9218,PICK N SAVE #868,Merchandise,43.1,
10/29/2019,10/31/2019,9218,BWW 3117 MICHIGAN CITY,Dining,32.16,
10/29/2019,10/31/2019,9218,STARBUCKS STORE 09708,Dining,5.3,
10/29/2019,10/31/2019,9218,KWIK TRIP  63100006312,Gas/Automotive,10.58,
10/29/2019,10/31/2019,9218,KWIK TRIP  63100006312,Gas/Automotive,28.05,
10/28/2019,10/30/2019,9218,KWIK TRIP  86200008623,Gas/Automotive,3.95,
10/28/2019,10/29/2019,9218,SENDIK S GERMANTOWN,Merchandise,7.68,
10/28/2019,10/29/2019,9218,HLU*Hulu 318991829722-U,Phone/Cable,47.49,
10/27/2019,10/29/2019,9218,KWIK TRIP  63300006338,Gas/Automotive,10.03,
10/27/2019,10/28/2019,9218,CULVERS BLACK RIVER FALL,Dining,11.07,
10/27/2019,10/28/2019,9218,APL*ITUNES.COM/BILL,Merchandise,10.55,
10/26/2019,10/28/2019,9218,KWIK TRIP  63300006338,Gas/Automotive,3.68,
10/26/2019,10/28/2019,9218,KWIK TRIP  63300006338,Gas/Automotive,34.27,
10/25/2019,10/28/2019,9218,USCONNECT WATSN VEND 1 S,Dining,2.45,
10/25/2019,10/28/2019,9218,KWIK TRIP  63100006312,Gas/Automotive,5.99,
10/25/2019,10/26/2019,9218,"CAB STORE RICHFIELD, WI",Merchandise,138,
10/24/2019,10/26/2019,9218,WEISSMAN AUTO,Gas/Automotive,55.65,
10/24/2019,10/26/2019,9218,DNR E PAY WIN ACS,Other Services,53,
10/24/2019,10/26/2019,9218,DNR EPAY WIN ACS SERV FEE,Other Services,0.93,
10/24/2019,10/25/2019,9218,PANERA BREAD #601553,Dining,13.53,
10/24/2019,10/25/2019,9218,ADOBE PHOTOGPHY PLAN,Merchandise,10.59,
10/23/2019,10/24/2019,9218,SENDIK S GERMANTOWN,Merchandise,9.44,
10/22/2019,10/24/2019,9218,KWIK TRIP  63100006312,Gas/Automotive,9.05,
10/22/2019,10/24/2019,9218,KWIK TRIP  63100006312,Gas/Automotive,35.73,
10/22/2019,10/23/2019,9218,PANERA BREAD #601553,Dining,13.01,
10/21/2019,10/23/2019,9218,STARBUCKS STORE 09618,Dining,11.51,
10/21/2019,10/22/2019,9218,FRESH THYME #701,Merchandise,49.9,
10/20/2019,10/21/2019,9218,UBER   TRIP,Other Travel,9.32,
10/19/2019,10/21/2019,9218,Spotify USA,Phone/Cable,10.55,
10/18/2019,10/19/2019,9218,PANERA BREAD #601553,Dining,7.55,
10/18/2019,10/19/2019,9218,LATITUDE CAFE LLC,Merchandise,4.54,
10/17/2019,10/18/2019,9218,CULVERS MENOMONEE FALLS,Dining,10.18,
10/16/2019,10/18/2019,9218,USCONNECT WATSN VEND 1 S,Dining,1.45,
10/16/2019,10/18/2019,9218,STARBUCKS STORE 09618,Dining,4.07,
10/16/2019,10/17/2019,9218,SENDIK S GERMANTOWN,Merchandise,12,
10/15/2019,10/16/2019,9218,PANERA BREAD #601553,Dining,13.01,
10/14/2019,10/15/2019,9218,UBER   TRIP,Other Travel,7.27,
10/13/2019,10/15/2019,9218,KWIK TRIP  65000006502,Gas/Automotive,5.99,
10/13/2019,10/15/2019,9218,KWIK TRIP  65000006502,Gas/Automotive,20.13,
10/14/2019,10/15/2019,9218,VZWRLSS*APOCC VISN,Phone/Cable,68.71,
10/14/2019,10/15/2019,9218,SPECTRUM,Phone/Cable,69.69,
10/13/2019,10/14/2019,9218,FRESH THYME #701,Merchandise,47.42,
10/13/2019,10/14/2019,9218,UBER   TRIP,Other Travel,16.34,
10/12/2019,10/14/2019,9218,NAME OF THE GAME - EAST,Merchandise,87.54,
10/13/2019,10/14/2019,9218,THE GREAT DANE PUB AND BR,Dining,10,
10/13/2019,10/14/2019,9218,THE GREAT DANE PUB AND BR,Dining,17,
10/13/2019,10/14/2019,9218,THE GREAT DANE PUB AND BR,Dining,6,
10/13/2019,10/14/2019,9218,THE GREAT DANE PUB AND BR,Dining,21.83,
10/13/2019,10/14/2019,9218,THE GREAT DANE PUB AND BR,Dining,12,
10/12/2019,10/14/2019,9218,2UWM CONC     18654202,Dining,6,
10/12/2019,10/14/2019,9218,DICK'S CLOTHING&SPORTING,Merchandise,64,
10/11/2019,10/14/2019,9218,MENARDS GERMANTOWN WI,Merchandise,4.2,
10/11/2019,10/14/2019,9218,KWIK TRIP  24400002444,Gas/Automotive,5.97,
10/11/2019,10/12/2019,9218,SPEEDWAY 02073 6804 W NOR,Gas/Automotive,2.99,
10/11/2019,10/12/2019,9218,METRO MARKET #892,Merchandise,30.43,
10/10/2019,10/12/2019,9218,KWIK TRIP  63100006312,Gas/Automotive,6.19,
10/10/2019,10/11/2019,9218,SENDIK S GERMANTOWN,Merchandise,12,
10/10/2019,10/11/2019,9218,SENDIK S GERMANTOWN,Merchandise,16.58,
10/10/2019,10/11/2019,9218,BUNZEL'S MEAT MARKET AND,Merchandise,47.93,
10/9/2019,10/11/2019,9218,TANGLE OF GERMANTOWN,Other Services,27,
10/9/2019,10/11/2019,9218,EXXONMOBIL    99426579,Gas/Automotive,40.17,
10/8/2019,10/10/2019,9218,CAFE ZUPAS-MENOMONEE,Dining,11.22,
10/8/2019,10/10/2019,9218,POTBELLY #469,Dining,10.48,
10/8/2019,10/10/2019,9218,STARBUCKS STORE 09618,Dining,5.23,
10/8/2019,10/9/2019,9218,BANANAREPUBLIC US 8443,Merchandise,155.23,
10/7/2019,10/9/2019,9218,SWING TIME GERMANTOWN,Entertainment,9,
10/7/2019,10/8/2019,9218,PANERA BREAD #601553,Dining,12.69,
10/7/2019,10/8/2019,9218,Audible US*VG5HN2H63,Other Services,15.79,
10/6/2019,10/8/2019,9218,KWIK TRIP  48700004879,Gas/Automotive,8.23,
10/5/2019,10/7/2019,9218,STARBUCKS STORE 53611,Dining,3.11,
10/5/2019,10/7/2019,9218,WAL-MART #1776,Merchandise,34.1,
10/4/2019,10/7/2019,9218,BAVARIAN BIERHAUS,Dining,13,
10/4/2019,10/7/2019,9218,BAVARIAN BIERHAUS,Dining,29,
10/4/2019,10/5/2019,9218,SENDIK S GERMANTOWN,Merchandise,31.01,
10/4/2019,10/5/2019,9218,US REEBOK ONLINE STORE,Merchandise,95.01,
10/3/2019,10/5/2019,9218,STARBUCKS STORE 02632,Dining,3.12,
10/4/2019,10/4/2019,9218,CAPITAL ONE AUTOPAY PYMT,Payment/Credit,,1965.98
10/3/2019,10/4/2019,9218,PANERA BREAD #601553,Dining,13.01,
10/2/2019,10/4/2019,9218,EMERYS SUPER FITNESS,Merchandise,15.76,
10/2/2019,10/4/2019,9218,KWIK TRIP  63100006312,Gas/Automotive,23.06,
10/2/2019,10/3/2019,9218,TRADER JOE'S #711  QPS,Merchandise,16.05,
10/2/2019,10/3/2019,9218,LATITUDE CAFE LLC,Merchandise,4.43,
10/1/2019,10/3/2019,9218,STARBUCKS STORE 09618,Dining,3.12,
9/30/2019,10/1/2019,9218,PANERA BREAD #601553,Dining,13.01,
9/30/2019,10/1/2019,9218,NOODLES & CO 229,Dining,12.73,
9/30/2019,10/1/2019,9218,PICK N SAVE #868,Merchandise,29.66,
9/29/2019,10/1/2019,9218,KWIK TRIP  96400009647,Gas/Automotive,9.98,
9/28/2019,9/30/2019,9218,HLU*Hulu 318991822340-U,Phone/Cable,47.49,
9/27/2019,9/30/2019,9218,KWIK TRIP  48700004879,Gas/Automotive,42.2,
9/27/2019,9/30/2019,9218,STARBUCKS STORE 53611,Dining,3.11,
9/27/2019,9/28/2019,9218,PANERA BREAD #601553,Dining,12.48,
9/26/2019,9/27/2019,9218,SENDIK S GERMANTOWN,Merchandise,9.44,
9/25/2019,9/27/2019,9218,STARBUCKS STORE 09618,Dining,3.12,
9/25/2019,9/26/2019,9218,PANERA BREAD #601553,Dining,2.3,
9/25/2019,9/26/2019,9218,PANERA BREAD #601553,Dining,13.01,
9/24/2019,9/26/2019,9218,SWING TIME GERMANTOWN,Entertainment,9,
9/25/2019,9/26/2019,9218,ADOBE *PHOTOGPHY PLAN,Merchandise,10.59,
9/23/2019,9/24/2019,9218,TARGET        00008631,Merchandise,43.14,
9/23/2019,9/24/2019,9218,AMZN Mktp US*IO1CL2NK3,Merchandise,33.8,
9/22/2019,9/24/2019,9218,KWIK TRIP  96500009654,Gas/Automotive,1.57,
9/22/2019,9/23/2019,9218,FRESH THYME #701,Merchandise,23,
9/21/2019,9/23/2019,9218,HOTELRED,Dining,18,
9/21/2019,9/23/2019,9218,ECHO TAP & GRILL,Dining,13.74,
9/21/2019,9/23/2019,9218,2UWM CONC     18654202,Dining,12,
9/21/2019,9/23/2019,9218,KWIK TRIP  85800008581,Gas/Automotive,7.04,
9/21/2019,9/23/2019,9218,KWIK TRIP  85800008581,Gas/Automotive,37.76,
9/21/2019,9/23/2019,9218,AMAZON.COM*S79DC7UE3 AMZN,Merchandise,49.48,
9/20/2019,9/23/2019,9218,BROWNPAPERTICKETS COM,Other Services,339.96,
9/20/2019,9/23/2019,9218,BLACKSTONE CREEK GOLF CLU,Entertainment,24,
9/20/2019,9/21/2019,9218,PANERA BREAD #601553,Dining,13.53,
9/21/2019,9/21/2019,9218,GOLFNOW*TEETIMES,Entertainment,0.84,
9/20/2019,9/21/2019,9218,TARGET        00008631,Merchandise,44.42,
9/20/2019,9/21/2019,9218,PICK N SAVE #880,Merchandise,28.66,
9/19/2019,9/21/2019,9218,SWING TIME GERMANTOWN,Entertainment,9,
9/20/2019,9/21/2019,9218,LATITUDE CAFE LLC,Merchandise,4.62,
9/19/2019,9/20/2019,9218,SENDIK S GERMANTOWN,Merchandise,11.86,
9/19/2019,9/20/2019,9218,DNCSS MILLER PARK CONC,Dining,16.96,
9/19/2019,9/20/2019,9218,Spotify USA,Phone/Cable,10.55,
9/18/2019,9/19/2019,9218,COUSINS SUBS #1110,Dining,9.06,
9/18/2019,9/19/2019,9218,DNCSS MILLER PARK CONC,Dining,20.99,
9/17/2019,9/19/2019,9218,DNCSS MILLER PARK CONC,Dining,21.28,
9/17/2019,9/19/2019,9218,STARBUCKS STORE 09618,Dining,4.07,
9/17/2019,9/18/2019,9218,PANERA BREAD #601553 P,Dining,13.01,
9/16/2019,9/18/2019,9218,SWING TIME GERMANTOWN,Entertainment,9,
9/16/2019,9/17/2019,9218,TARGET        00008631,Merchandise,51.7,
9/15/2019,9/16/2019,9218,HONEYPIE CAFE & BAKERY,Dining,140.19,
9/15/2019,9/16/2019,9218,UBER   TRIP,Other Travel,9.17,
9/14/2019,9/16/2019,9218,FRESH THYME #701,Merchandise,42.16,
9/14/2019,9/16/2019,9218,MILW CO DRETZKA GOLF,Entertainment,24.81,
9/14/2019,9/16/2019,9218,DRETZKA REST,Dining,30,
9/14/2019,9/16/2019,9218,VZWRLSS*APOCC VISN,Phone/Cable,84.53,
9/13/2019,9/14/2019,9218,PANERA BREAD #601553,Dining,13.01,
9/13/2019,9/14/2019,9218,PICK N SAVE #880,Merchandise,17.4,
9/13/2019,9/14/2019,9218,PICK N SAVE #880,Merchandise,5.18,
9/13/2019,9/14/2019,9218,PICK N SAVE #880,Merchandise,6.53,
9/13/2019,9/14/2019,9218,TARGET        00008631,Merchandise,48.82,
9/13/2019,9/14/2019,9218,SPECTRUM,Phone/Cable,69.69,
9/12/2019,9/14/2019,9218,KWIK TRIP  63100006312,Gas/Automotive,36.49,
9/12/2019,9/13/2019,9218,SENDIK S GERMANTOWN,Merchandise,49.18,
9/12/2019,9/13/2019,9218,TRADER JOE'S #711  QPS,Merchandise,19.82,
9/12/2019,9/13/2019,9218,PICK N SAVE #868,Merchandise,3.58,
9/11/2019,9/12/2019,9218,SENDIK S GERMANTOWN,Merchandise,19,
9/10/2019,9/12/2019,9218,USCONNECT WATSN VEND 1 S,Dining,2.45,
9/10/2019,9/12/2019,9218,STARBUCKS STORE 09618,Dining,3.12,
9/10/2019,9/11/2019,9218,SENDIK S GERMANTOWN,Merchandise,9.44,
9/9/2019,9/11/2019,9218,SUBWAY        00143008,Dining,9.17,
9/9/2019,9/10/2019,9218,SENDIK S GERMANTOWN,Merchandise,9.21,
9/8/2019,9/10/2019,9218,JERSEY MIKES 29005,Dining,11.55,
9/9/2019,9/10/2019,9218,PICK N SAVE #868,Merchandise,25.33,
9/8/2019,9/9/2019,9218,EDGE OF THE DELLS,Dining,18,
9/7/2019,9/9/2019,9218,EDGE O DELLS RESORT,Lodging,26.5,
9/7/2019,9/9/2019,9218,EDGE O DELLS RESORT,Lodging,36.83,
9/7/2019,9/9/2019,9218,Audible US*MO8F588N0,Other Services,15.79,
9/7/2019,9/9/2019,9218,FACEBK *NationalSuicid,Other Services,50,
9/6/2019,9/9/2019,9218,KWIK TRIP  24400002444,Gas/Automotive,39.3,
9/6/2019,9/7/2019,9218,PANERA BREAD #601553,Dining,10.17,
9/6/2019,9/7/2019,9218,PANERA BREAD #601553 P,Dining,2.41,
9/6/2019,9/7/2019,9218,MAURER'S MARKET,Merchandise,50.23,
9/5/2019,9/7/2019,9218,USCONNECT WATSN VEND 1 S,Dining,1.45,
9/5/2019,9/6/2019,9218,PICK N SAVE #880,Merchandise,16.42,
9/4/2019,9/6/2019,9218,USCONNECT WATSN VEND 1 S,Dining,2.45,
9/4/2019,9/6/2019,9218,CAFE ZUPAS-MENOMONEE,Dining,11.22,
9/4/2019,9/6/2019,9218,STARBUCKS STORE 09618,Dining,4.07,
9/4/2019,9/5/2019,9218,PICK N SAVE #880,Merchandise,30.6,
9/4/2019,9/5/2019,9218,PICK N SAVE #880,Merchandise,13.74,
9/4/2019,9/4/2019,9218,CAPITAL ONE AUTOPAY PYMT,Payment/Credit,,2396.38
9/3/2019,9/4/2019,9218,PANERA BREAD #601553,Dining,13.01,
9/2/2019,9/4/2019,9218,THE EXCLUSIVE COMPANY,Merchandise,23.22,
9/2/2019,9/3/2019,9218,ERIKS BIKE SHOP,Merchandise,57.53,
9/2/2019,9/3/2019,9218,Kindle Svcs*MO74I70C0,Entertainment,2.1,
9/1/2019,9/2/2019,9218,GLORIOSO BROTHERS CO,Merchandise,16.18,
9/1/2019,9/2/2019,9218,FRESH THYME #701,Merchandise,5.4,
8/31/2019,9/2/2019,9218,CLARK 8435,Gas/Automotive,6.99,
8/31/2019,9/2/2019,9218,PICK N SAVE #868,Merchandise,8.44,
8/31/2019,9/2/2019,9218,PICK N SAVE #868,Merchandise,21.98,
8/31/2019,9/2/2019,9218,LATITUDE CAFE LLC,Merchandise,4.54,
8/31/2019,9/2/2019,9218,TANGLE OF GERMANTOWN,Other Services,28,
8/30/2019,9/2/2019,9218,SENDIK S GERMANTOWN,Merchandise,8.98,
8/31/2019,9/2/2019,9218,DOMINO'S 2048,Dining,24.99,
8/31/2019,8/31/2019,9218,LYFT   *RIDE FRI 7PM,Other Travel,8.06,
8/28/2019,8/30/2019,9218,KWIK TRIP  63100006312,Gas/Automotive,7.79,
8/28/2019,8/29/2019,9218,HLU*Hulu 318991823897-U,Phone/Cable,47.49,
8/27/2019,8/29/2019,9218,SWING TIME GERMANTOWN,Entertainment,9,
8/28/2019,8/29/2019,9218,MILW CO DRETZKA GOLF,Entertainment,31,
8/27/2019,8/29/2019,9218,USCONNECT WATSN VEND 1 S,Dining,1.45,
8/27/2019,8/28/2019,9218,WAL-MART #1515,Merchandise,10.3,
8/26/2019,8/28/2019,9218,KWIK TRIP  63100006312,Gas/Automotive,36.8,
8/26/2019,8/28/2019,9218,STARBUCKS STORE 09618,Dining,3.12,
8/26/2019,8/27/2019,9218,PANERA BREAD #601553 P,Dining,12.69,
8/26/2019,8/27/2019,9218,FRESH THYME #701,Merchandise,40,
8/25/2019,8/27/2019,9218,PLAINFIELD T/P-CITGOVEL P,Gas/Automotive,3.46,
8/24/2019,8/26/2019,9218,HAMPTON CHIPPEWA FALLS,Lodging,145.28,
8/24/2019,8/26/2019,9218,WAL-MART #1669,Merchandise,32.05,
8/24/2019,8/26/2019,9218,ADOBE *PHOTOGPHY PLAN,Merchandise,10.59,
8/23/2019,8/26/2019,9218,KWIK TRIP  14200001420,Gas/Automotive,5.99,
8/23/2019,8/26/2019,9218,KWIK TRIP  14200001420,Gas/Automotive,42.44,
8/22/2019,8/24/2019,9218,SWING TIME GERMANTOWN,Entertainment,9,
8/21/2019,8/23/2019,9218,STARBUCKS STORE 09618,Dining,5.23,
8/21/2019,8/22/2019,9218,SENDIK S GERMANTOWN,Merchandise,9.98,
8/20/2019,8/22/2019,9218,KWIK TRIP  24400002444,Gas/Automotive,5.97,
8/19/2019,8/20/2019,9218,PANERA BREAD #601553,Dining,13.01,
8/19/2019,8/20/2019,9218,CKE*MR BREWS TAPHOUS 1800,Dining,17.71,
8/19/2019,8/20/2019,9218,Spotify USA,Phone/Cable,10.55,
8/18/2019,8/19/2019,9218,EA *ORIGIN.COM,Other Services,63.35,
8/18/2019,8/19/2019,9218,MLWAUKEE WORLDFEST,Entertainment,21,
8/17/2019,8/19/2019,9218,IRISH FESTIVALS INC,Dining,8.26,
8/17/2019,8/19/2019,9218,WATER STREET BREWERY,Dining,15,
8/17/2019,8/19/2019,9218,IRISH FESTIVALS INC,Dining,16.52,
8/17/2019,8/19/2019,9218,IRISH FESTIVALS INC,Dining,8.26,
8/17/2019,8/19/2019,9218,IRISH FESTIVALS INC,Dining,8.26,
8/17/2019,8/19/2019,9218,IRISH FESTIVALS INC,Dining,8.26,
8/17/2019,8/19/2019,9218,UBER   TRIP,Other Travel,1,
8/17/2019,8/19/2019,9218,UBER   TRIP,Other Travel,7.95,
8/17/2019,8/19/2019,9218,TM *TICKETMASTER TICKT,Entertainment,314.55,
8/14/2019,8/16/2019,9218,STARBUCKS STORE 09618,Dining,9.62,
8/14/2019,8/16/2019,9218,SPEEDWAY 04495 GERMANTOWN,Gas/Automotive,41.32,
8/14/2019,8/15/2019,9218,FRESH THYME #701,Merchandise,57.1,
8/14/2019,8/15/2019,9218,PROGRESSIVE *INSURANCE,Insurance,528,
8/13/2019,8/15/2019,9218,WEISSMAN AUTO,Gas/Automotive,70.03,
8/14/2019,8/15/2019,9218,VZWRLSS*APOCC VISN,Phone/Cable,68.09,
8/12/2019,8/14/2019,9218,OLYDIAS BAR AND GRILL,Dining,22.02,
8/13/2019,8/14/2019,9218,TWC*TIME WARNER CABLE,Phone/Cable,69.69,
8/14/2019,8/14/2019,9218,CREDIT-TRAVEL REWARD,Lodging,,170.84
8/14/2019,8/14/2019,9218,CREDIT-TRAVEL REWARD,Lodging,,131.67
8/14/2019,8/14/2019,9218,CREDIT-TRAVEL REWARD,Lodging,,131.67
8/14/2019,8/14/2019,9218,CREDIT-TRAVEL REWARD,Other Travel,,184
8/12/2019,8/13/2019,9218,SENDIK S GERMANTOWN,Merchandise,9,
8/11/2019,8/12/2019,9218,PICK N SAVE #868,Merchandise,27.7,
8/10/2019,8/12/2019,9218,CAMBRIA SUITES MADISON,Lodging,131.67,
8/10/2019,8/12/2019,9218,SUBWAY        04576500,Dining,7.37,
8/10/2019,8/12/2019,9218,SPEEDWAY 04226 MENOMONEE,Gas/Automotive,4.68,
8/9/2019,8/12/2019,9218,USCONNECT WATSN VEND 1 S,Dining,1.45,
8/9/2019,8/12/2019,9218,EMERYS SUPER FITNESS,Merchandise,4.74,
8/9/2019,8/10/2019,9218,PANERA BREAD #601553,Dining,11.42,
8/9/2019,8/10/2019,9218,BANANAREPUBLIC US 8443,Merchandise,85.01,
8/10/2019,8/10/2019,9218,PANERA BREAD #601548 P,Dining,14.14,
8/8/2019,8/9/2019,9218,SENDIK S GERMANTOWN,Merchandise,8.15,
8/7/2019,8/8/2019,9218,SPEEDWAY 04495 GERMANTOWN,Gas/Automotive,1.99,
8/7/2019,8/8/2019,9218,SPEEDWAY 04495 GERMANTOWN,Gas/Automotive,39.69,
8/7/2019,8/8/2019,9218,Audible US*MA2SD47G2,Other Services,15.79,
8/7/2019,8/7/2019,9218,CAPITAL ONE MEMBER FEE,Fee/Interest Charge,59,
8/6/2019,8/7/2019,9218,JIMMY JOHNS # 123,Dining,10,
8/5/2019,8/7/2019,9218,SWING TIME GERMANTOWN,Entertainment,9,
8/5/2019,8/6/2019,9218,PICK N SAVE #418,Merchandise,32.71,
8/5/2019,8/6/2019,9218,PICK N SAVE #418,Merchandise,51.07,
8/2/2019,8/5/2019,9218,KWIK TRIP  63100006312,Gas/Automotive,8.3,
8/2/2019,8/5/2019,9218,KWIK TRIP  63100006312,Gas/Automotive,42.36,
8/2/2019,8/3/2019,9218,SENDIK S GERMANTOWN,Merchandise,9.98,
8/1/2019,8/3/2019,9218,SWING TIME GERMANTOWN,Entertainment,9,
7/31/2019,8/1/2019,9218,PANERA BREAD #601553,Dining,12.48,
7/30/2019,7/31/2019,9218,PICK N SAVE #418,Merchandise,37.14,
7/29/2019,7/30/2019,9218,SENDIK S GERMANTOWN,Merchandise,10,
7/29/2019,7/30/2019,9218,TST* EAGLE PARK BREWING C,Dining,30.35,
7/28/2019,7/30/2019,9218,KOPPS CUSTARDGLENDALE,Dining,7.26,
7/28/2019,7/30/2019,9218,KWIK TRIP  80800008086,Gas/Automotive,38.84,
7/28/2019,7/29/2019,9218,HLU*Hulu 318991820209-U,Phone/Cable,47.49,
7/27/2019,7/29/2019,9218,BP#9810268WILD GOOSE STA,Gas/Automotive,1.68,
7/26/2019,7/27/2019,9218,PANERA BREAD #601553,Dining,13.01,
7/26/2019,7/27/2019,9218,COLLEGE TRANSCRIPT,Other Services,10,
7/25/2019,7/27/2019,9218,EMERYS SUPER FITNESS,Merchandise,49.37,
7/25/2019,7/27/2019,9218,KWIK TRIP  63100006312,Gas/Automotive,1.99,
7/25/2019,7/27/2019,9218,KWIK TRIP  63100006312,Gas/Automotive,41.32,
7/24/2019,7/26/2019,9218,TANGLE OF GERMANTOWN,Other Services,27,
7/24/2019,7/25/2019,9218,SENDIK S GERMANTOWN,Merchandise,10,
7/23/2019,7/25/2019,9218,SWING TIME GERMANTOWN,Entertainment,9,
7/24/2019,7/25/2019,9218,ADOBE *PHOTOGPHY PLAN,Merchandise,10.59,
7/24/2019,7/24/2019,9218,CAPITAL ONE ONLINE PYMT,Payment/Credit,,4140
7/24/2019,7/24/2019,9218,CAPITAL ONE AUTOPAY PYMT,Payment/Credit,,3201.89
7/22/2019,7/24/2019,9218,SWING TIME GERMANTOWN,Entertainment,9,
7/23/2019,7/24/2019,9218,MILW CO BROWN DEER GOLF,Entertainment,24.5,
7/22/2019,7/24/2019,9218,USCONNECT WATSN VEND 1 S,Dining,2.45,
7/22/2019,7/23/2019,9218,SENDIK S GERMANTOWN,Merchandise,9,
7/22/2019,7/23/2019,9218,FRESH THYME #701,Merchandise,48.35,
7/22/2019,7/23/2019,9218,Steamgames.com4259522985,Entertainment,37.15,
7/21/2019,7/22/2019,9218,LYFT   *RIDE SUN 1AM,Other Travel,10.79,
7/20/2019,7/22/2019,9218,WHO`S ON THIRD MILWAUKEE`,Dining,27.86,
7/20/2019,7/22/2019,9218,HI HAT LOUNGE,Dining,18,
7/21/2019,7/22/2019,9218,NIKE.COM,Other,95.04,
7/20/2019,7/22/2019,9218,MECCA SPORTS  10687002,Dining,42.01,
7/20/2019,7/22/2019,9218,WIS TVR DMV REG RENEWAL,Other Services,125,
7/20/2019,7/22/2019,9218,DOT EPAY DMV TVR SERVICE,Other Services,2.5,
7/19/2019,7/20/2019,9218,MILWAUKEE EYE CARE ASSOCI,Health Care,4140,
7/18/2019,7/20/2019,9218,USCONNECT WATSN VEND 1 S,Dining,2.45,
7/19/2019,7/20/2019,9218,Spotify USA,Phone/Cable,10.55,
7/18/2019,7/19/2019,9218,SENDIK S GERMANTOWN,Merchandise,8.38,
7/18/2019,7/19/2019,9218,TRADER JOE'S #711  QPS,Merchandise,60.25,
7/17/2019,7/19/2019,9218,USCONNECT WATSN VEND 1 S,Dining,1.2,
7/17/2019,7/18/2019,9218,PANERA BREAD #601553,Dining,13.01,
7/16/2019,7/18/2019,9218,RODIZIO GRILL - MILWAUKEE,Dining,48.21,
7/16/2019,7/17/2019,9218,TARGET        00008631,Merchandise,11.96,
7/16/2019,7/17/2019,9218,TARGET        00008631,Merchandise,2.89,
7/15/2019,7/17/2019,9218,KWIK TRIP  63100006312,Gas/Automotive,12.3,
7/15/2019,7/17/2019,9218,KWIK TRIP  63100006312,Gas/Automotive,47.16,
7/16/2019,7/16/2019,9218,UBER   TRIP,Other Travel,1,
7/16/2019,7/16/2019,9218,UBER   TRIP,Other Travel,6.63,
7/14/2019,7/15/2019,9218,DOWNTOWN MKE EATERY,Dining,13.65,
7/14/2019,7/15/2019,9218,DOWNTOWN MKE EATERY,Dining,24.48,
7/13/2019,7/15/2019,9218,ALE ASYLUM RIVERHOUSE,Dining,15,
7/14/2019,7/15/2019,9218,TWC*TIME WARNER CABLE,Phone/Cable,69.69,
7/14/2019,7/15/2019,9218,VZWRLSS*APOCC VISN,Phone/Cable,65.83,
7/14/2019,7/15/2019,9218,UBER   TRIP,Other Travel,8.55,
7/13/2019,7/15/2019,9218,UBER   TRIP,Other Travel,9.51,
7/12/2019,7/13/2019,9218,SENDIK S GERMANTOWN,Merchandise,9.98,
7/11/2019,7/13/2019,9218,SWING TIME GERMANTOWN,Entertainment,9,
7/9/2019,7/11/2019,9218,KWIK TRIP  63100006312,Gas/Automotive,1.99,
7/9/2019,7/10/2019,9218,PANERA BREAD #601553,Dining,13.01,
7/9/2019,7/10/2019,9218,PICK N SAVE #868,Merchandise,51.56,
7/8/2019,7/10/2019,9218,CULVER S OF COTTAGE GROVE,Dining,9.79,
7/8/2019,7/10/2019,9218,KWIK TRIP  22200002220,Gas/Automotive,8.89,
7/8/2019,7/9/2019,9218,HOLIDAY STATIONS 3713,Gas/Automotive,47.39,
7/7/2019,7/8/2019,9218,Audible US*MH7IR6501,Other Services,15.79,
7/5/2019,7/6/2019,9218,J & J GENERAL STORE,Gas/Automotive,87.61,
7/3/2019,7/4/2019,9218,WM SUPERCENTER #1609,Merchandise,2.12,
7/3/2019,7/4/2019,9218,WAL-MART #1609,Merchandise,16.03,
7/4/2019,7/4/2019,9218,Amazon web services,Other Services,0.38,
7/3/2019,7/4/2019,9218,HOLIDAY STATIONS 0248,Gas/Automotive,11.46,
7/2/2019,7/3/2019,9218,PANERA BREAD #601553,Dining,13.01,
7/1/2019,7/3/2019,9218,MNRF-FISH & WILDLIFE,Other Services,51.74,
7/1/2019,7/3/2019,9218,STARBUCKS STORE 09618,Dining,12.46,
7/1/2019,7/2/2019,9218,FRESH THYME #701,Merchandise,14.6,
6/28/2019,7/1/2019,9218,QUALITY INN AND SUITES,Lodging,170.84,
6/29/2019,7/1/2019,9218,BAVARIAN BIERHAUS,Dining,7,
6/29/2019,7/1/2019,9218,BAVARIAN BIERHAUS,Dining,24.16,
6/29/2019,7/1/2019,9218,BAVARIAN BIERHAUS,Dining,7,
6/29/2019,7/1/2019,9218,MECCA SPORTS  10687002,Dining,57.5,
6/30/2019,7/1/2019,9218,TST* AXE - MKE,Dining,14.04,
6/29/2019,7/1/2019,9218,UBER   TRIP,Other Travel,6.82,
6/29/2019,7/1/2019,9218,UBER   TRIP,Other Travel,1,
6/29/2019,7/1/2019,9218,UBER   TRIP,Other Travel,7.12,
6/29/2019,7/1/2019,9218,UBER   TRIP,Other Travel,1,
6/29/2019,7/1/2019,9218,UBER   TRIP,Other Travel,3.72,
6/28/2019,7/1/2019,9218,SUNOCO 0377179700,Gas/Automotive,33.31,
6/28/2019,7/1/2019,9218,PANERA BREAD #203735 P,Dining,5.61,
6/28/2019,6/29/2019,9218,HLU*Hulu 318991822726-U,Phone/Cable,47.49,
6/28/2019,6/29/2019,9218,ENTERPRISE RENT-A-CAR,Car Rental,37.32,
6/28/2019,6/29/2019,9218,PICK N SAVE #868,Merchandise,16.89,
6/28/2019,6/29/2019,9218,PICK N SAVE #868,Merchandise,29.86,
6/27/2019,6/29/2019,9218,IN *LAKE EXPRESS,Other Travel,10,
6/28/2019,6/29/2019,9218,CRAZY HORSE STEAKHOUSE,Dining,28.76,
6/27/2019,6/28/2019,9218,JIMMY JOHNS - 565,Dining,9.52,
6/27/2019,6/28/2019,9218,LYFT   *RIDE THU 9AM,Other Travel,7.8,
6/26/2019,6/28/2019,9218,KWIK TRIP  63100006312,Gas/Automotive,8.3,
6/26/2019,6/28/2019,9218,CAFE ZUPAS-MENOMONEE,Dining,11.22,
6/25/2019,6/27/2019,9218,EZVP,Merchandise,14.74,
6/24/2019,6/26/2019,9218,OLYDIAS BAR AND GRILL,Dining,20.99,
6/24/2019,6/26/2019,9218,KWIK TRIP  63100006312,Gas/Automotive,44.04,
6/24/2019,6/25/2019,9218,WAL-MART #1515,Merchandise,14.88,
6/24/2019,6/25/2019,9218,LAKE EXPRESS,Other Travel,184,
6/24/2019,6/25/2019,9218,ADOBE *PHOTOGPHY PLAN,Merchandise,10.59,
6/22/2019,6/24/2019,9218,DNCSS MILLER PARK CONC,Dining,7.75,
6/22/2019,6/24/2019,9218,DNCSS MILLER PARK CONC,Dining,21.28,
6/24/2019,6/24/2019,9218,CAPITAL ONE AUTOPAY PYMT,Payment/Credit,,1712.7
6/21/2019,6/24/2019,9218,FRESH THYME #701,Merchandise,50.93,
6/21/2019,6/24/2019,9218,SENDIK S GERMANTOWN,Merchandise,10.98,
6/20/2019,6/22/2019,9218,CAFE ZUPAS-MENOMONEE,Dining,11.22,
6/20/2019,6/21/2019,9218,UDEMY ONLINE COURSES,Other,12.99,
6/19/2019,6/20/2019,9218,SENDIK S GERMANTOWN,Merchandise,9.93,
6/19/2019,6/20/2019,9218,Spotify USA,Phone/Cable,10.55,
6/18/2019,6/19/2019,9218,PANERA BREAD #601553,Dining,13.01,
6/17/2019,6/18/2019,9218,SENDIK S GERMANTOWN,Merchandise,8.3,
6/17/2019,6/18/2019,9218,TRADER JOE'S #711  QPS,Merchandise,42.26,
6/17/2019,6/18/2019,9218,TRAININGPEAKS,Merchandise,119,
6/16/2019,6/18/2019,9218,KWIK TRIP  95900009597,Gas/Automotive,41.66,
6/15/2019,6/17/2019,9218,WAL-MART #1202,Merchandise,46.78,
6/15/2019,6/17/2019,9218,CKE*JERRY'S OLD TOWN GERM,Dining,15.22,
6/14/2019,6/17/2019,9218,EMERYS SUPER FITNESS,Merchandise,171.29,
6/14/2019,6/15/2019,9218,PANERA BREAD #601553,Dining,12.69,
6/14/2019,6/15/2019,9218,VZWRLSS*APOCC VISN,Phone/Cable,65.83,
6/13/2019,6/14/2019,9218,SENDIK S GERMANTOWN,Merchandise,8.97,
6/12/2019,6/14/2019,9218,TANGLE OF GERMANTOWN,Other Services,52,
6/12/2019,6/14/2019,9218,TANGLE OF GERMANTOWN,Other Services,,26
6/13/2019,6/14/2019,9218,TWC*TIME WARNER CABLE,Phone/Cable,69.69,
6/12/2019,6/13/2019,9218,UDEMY ONLINE COURSES,Other,9.99,
6/12/2019,6/13/2019,9218,UDEMY ONLINE COURSES,Other,9.99,
6/11/2019,6/12/2019,9218,SENDIK S GERMANTOWN,Merchandise,9.97,
6/10/2019,6/12/2019,9218,OLYDIAS BAR AND GRILL,Dining,22.05,
6/10/2019,6/12/2019,9218,KWIK TRIP  63100006312,Gas/Automotive,40.37,
6/10/2019,6/12/2019,9218,OUTPOST NATURAL FOODS-MQ,Merchandise,9.5,
6/8/2019,6/10/2019,9218,JUDY'S ON NORTH,Dining,122.86,
6/9/2019,6/10/2019,9218,GAMETIME    TICKETS,Entertainment,24,
6/8/2019,6/10/2019,9218,WHEEL & SPROCKET FP,Merchandise,82.27,
6/9/2019,6/10/2019,9218,UBER   TRIP,Other Travel,5.93,
6/9/2019,6/10/2019,9218,UBER   TRIP,Other Travel,1,
6/9/2019,6/10/2019,9218,UBER   TRIP,Other Travel,8.23,
6/9/2019,6/10/2019,9218,UBER   TRIP,Other Travel,1,
6/7/2019,6/10/2019,9218,SWING TIME GERMANTOWN,Entertainment,9,
6/8/2019,6/10/2019,9218,DNCSS MILLER PARK CONC,Dining,17.54,
6/7/2019,6/10/2019,9218,DNCSS MILLER PARK CONC,Dining,14.75,
6/8/2019,6/8/2019,9218,GarminIntl,Merchandise,1050.99,
6/6/2019,6/7/2019,9218,PANERA BREAD #601553,Dining,13.01,
6/5/2019,6/7/2019,9218,SWING TIME GERMANTOWN,Entertainment,9,
6/5/2019,6/7/2019,9218,DNR E PAY WIN ACS,Other Services,20,
6/5/2019,6/7/2019,9218,DNR EPAY WIN ACS SERV FEE,Other Services,0.35,
6/5/2019,6/6/2019,9218,SENDIK S GERMANTOWN,Merchandise,9.23,
6/5/2019,6/6/2019,9218,ODD DUCK,Dining,49.78,
6/4/2019,6/5/2019,9218,PANERA BREAD #601553,Dining,13.01,
6/3/2019,6/5/2019,9218,SENDIK S GERMANTOWN,Merchandise,9.01,
6/3/2019,6/4/2019,9218,TRADER JOE'S #711  QPS,Merchandise,56.08,
6/3/2019,6/3/2019,9218,Amazon web services,Other Services,1.13,
5/31/2019,6/3/2019,9218,SWING TIME GERMANTOWN,Entertainment,9,
6/1/2019,6/3/2019,9218,UP DOWN - MILWAUKEE,Dining,17,
6/1/2019,6/3/2019,9218,TST* LAKEFRONT BREWERY,Dining,18,
6/1/2019,6/3/2019,9218,TST* LAKEFRONT BREWERY,Dining,24.31,
5/30/2019,6/1/2019,9218,KWIK TRIP  63100006312,Gas/Automotive,6.31,
5/30/2019,6/1/2019,9218,KWIK TRIP  63100006312,Gas/Automotive,47.96,
5/30/2019,5/31/2019,9218,PANERA BREAD #601553,Dining,12.27,
5/29/2019,5/31/2019,9218,REI #60 BROOKFIELD,Merchandise,138.08,
5/28/2019,5/29/2019,9218,PANERA BREAD #601553,Dining,13.01,
5/28/2019,5/29/2019,9218,HLU*Hulu 318991820515-U,Phone/Cable,63.3,
5/28/2019,5/29/2019,9218,PICK N SAVE #882,Merchandise,23.4,
5/28/2019,5/29/2019,9218,TARGET        00008631,Merchandise,13.21,
5/27/2019,5/28/2019,9218,MILWAUKEE RIVER CRUISE L,Entertainment,32.36,
5/26/2019,5/28/2019,9218,Y NOT II,Dining,13,
5/27/2019,5/28/2019,9218,TST* ENGINE COMPANY NO. 3,Dining,85.07,
5/26/2019,5/27/2019,9218,GOOD CITY BREWING-JUNEAU,Dining,14.4,
5/26/2019,5/27/2019,9218,UBER   TRIP,Other Travel,9.24,
5/25/2019,5/27/2019,9218,COLECTIVO COFFEE LAKEF,Dining,8.49,
5/25/2019,5/27/2019,9218,UBER   TRIP,Other Travel,9.19,
5/25/2019,5/27/2019,9218,GLORIOSO BROTHERS,Merchandise,9.29,
5/25/2019,5/27/2019,9218,BUGSY'S,Dining,12,
5/25/2019,5/27/2019,9218,BRYANTS COCKTAIL LOUNGE,Dining,58,
5/25/2019,5/25/2019,9218,UBER   TRIP,Other Travel,13.39,
5/25/2019,5/25/2019,9218,UBER   TRIP,Other Travel,11.91,
5/25/2019,5/25/2019,9218,UBER   TRIP,Other Travel,11.15,
5/24/2019,5/25/2019,9218,SENDIK S GERMANTOWN,Merchandise,9.08,
5/24/2019,5/25/2019,9218,FRESH THYME #701 MILWAUKE,Merchandise,66.09,
5/24/2019,5/25/2019,9218,ADOBE *PHOTOGPHY PLAN,Merchandise,10.59,
5/23/2019,5/25/2019,9218,KWIK TRIP  63100006312,Gas/Automotive,46.43,
5/24/2019,5/24/2019,9218,CAPITAL ONE AUTOPAY PYMT,Payment/Credit,,2762.11
5/22/2019,5/24/2019,9218,SWING TIME GERMANTOWN,Entertainment,9,
5/23/2019,5/24/2019,9218,TARGET        00008631,Merchandise,31.13,
5/22/2019,5/23/2019,9218,TRADER JOE'S #711  QPS,Merchandise,48.76,
5/21/2019,5/22/2019,9218,PANERA BREAD #601553,Dining,12.27,
5/21/2019,5/22/2019,9218,TARGET        00008631,Merchandise,30.44,
5/19/2019,5/20/2019,9218,SUGAR MAPLE,Dining,15,
5/19/2019,5/20/2019,9218,FRESH THYME #701 MILWAUKE,Merchandise,56.93,
5/18/2019,5/20/2019,9218,CAFE LULU,Dining,14,
5/19/2019,5/20/2019,9218,Spotify USA,Phone/Cable,10.55,
5/18/2019,5/20/2019,9218,CITY OF MILW PARKING WEB,Other,27,
5/18/2019,5/20/2019,9218,BARNACLE BUDS,Dining,21,
5/19/2019,5/20/2019,9218,UBER   TRIP,Other Travel,10.4,
5/19/2019,5/20/2019,9218,UBER   TRIP,Other Travel,10.83,
5/18/2019,5/20/2019,9218,SQ *ENLIGHTENED BREWING C,Merchandise,7,
5/16/2019,5/18/2019,9218,PICK N SAVE #880,Merchandise,32.38,
5/17/2019,5/18/2019,9218,SENDIK'S GERMANTOW,Merchandise,8,
5/16/2019,5/18/2019,9218,DOMANS,Dining,13.89,
5/16/2019,5/18/2019,9218,REI #60 BROOKFIELD,Merchandise,46.54,
5/16/2019,5/17/2019,9218,TST* NUCKLEHEADZ BAR & GR,Dining,14.74,
5/15/2019,5/17/2019,9218,2BUCKS ARENA  10684207,Dining,13,
5/16/2019,5/16/2019,9218,GAMETIME    TICKETS,Entertainment,68,
5/14/2019,5/16/2019,9218,SWING TIME GERMANTOWN,Entertainment,9,
5/15/2019,5/16/2019,9218,SENDIK'S GERMANTOW,Merchandise,9,
5/14/2019,5/15/2019,9218,MILW CO DRETZKA GOLF,Entertainment,17,
5/14/2019,5/15/2019,9218,TWC*TIME WARNER CABLE,Phone/Cable,69.69,
5/13/2019,5/15/2019,9218,KWIK TRIP  63100006312,Gas/Automotive,46.08,
5/14/2019,5/15/2019,9218,VZWRLSS*APOCC VISN,Phone/Cable,65.83,
5/13/2019,5/14/2019,9218,PANERA BREAD #601553,Dining,13.01,
5/12/2019,5/14/2019,9218,LAKE ARROWHEAD,Dining,180.21,
5/10/2019,5/11/2019,9218,PANERA BREAD #601553 P,Dining,10.5,
5/9/2019,5/11/2019,9218,SWING TIME GERMANTOWN,Entertainment,9,
5/9/2019,5/10/2019,9218,GOOD CITY BREWING-JUNEAU,Dining,8.26,
5/8/2019,5/10/2019,9218,EVOLUTION OF MILWAUKEE LL,Dining,14.89,
5/9/2019,5/9/2019,9218,UBER   TRIP,Other Travel,6.87,
5/9/2019,5/9/2019,9218,UBER   TRIP,Other Travel,7.16,
5/7/2019,5/9/2019,9218,CAMP BAR TOSA,Dining,5.5,
5/8/2019,5/9/2019,9218,SENDIK'S GERMANTOW,Merchandise,9,
5/7/2019,5/8/2019,9218,SPEEDWAY 02073 680,Gas/Automotive,45.59,
5/5/2019,5/7/2019,9218,THE EXCLUSIVE COMPANY,Merchandise,59.09,
5/5/2019,5/6/2019,9218,FRESH THYME #701 MILWAUKE,Merchandise,8.9,
5/4/2019,5/6/2019,9218,PICK N SAVE #868,Merchandise,9.49,
5/4/2019,5/6/2019,9218,PICK N SAVE #868,Merchandise,33.42,
5/3/2019,5/4/2019,9218,Amazon web services,Other Services,2.06,
5/1/2019,5/3/2019,9218,SWING TIME GERMANTOWN,Entertainment,9,
5/2/2019,5/3/2019,9218,SENDIK'S GERMANTOW,Merchandise,6.97,
5/1/2019,5/3/2019,9218,MARCUS MENO FALLS CONC,Entertainment,12.87,
4/28/2019,5/2/2019,9218,6MECCA SPORTS 10687606,Dining,14,
4/30/2019,5/1/2019,9218,LYFT   *RIDE TUE 5PM,Other Travel,5.87,
4/29/2019,4/30/2019,9218,WAL-MART #1515,Merchandise,13.88,
4/28/2019,4/30/2019,9218,UNCLE WOLFIES BREAKFAST T,Dining,61.74,
4/28/2019,4/29/2019,9218,HLU*Hulu 318991826679-U,Phone/Cable,63.3,
4/28/2019,4/29/2019,9218,PICK N SAVE #868,Merchandise,3.06,
4/27/2019,4/29/2019,9218,TANGLE OF GERMANTOWN,Other Services,27,
4/27/2019,4/29/2019,9218,AMC MAYFAIR MALL #0858,Entertainment,9.33,
4/28/2019,4/29/2019,9218,9640 AMC ONLINE,Entertainment,25.52,
4/28/2019,4/29/2019,9218,AMZN MKTP US AMZN.COM/BIL,Merchandise,,17.3
4/28/2019,4/29/2019,9218,AMZN MKTP US AMZN.COM/BIL,Merchandise,,27.18
4/28/2019,4/29/2019,9218,AMZN MKTP US AMZN.COM/BIL,Merchandise,,9.49
4/27/2019,4/29/2019,9218,CLARK 8435,Gas/Automotive,35.17,
4/27/2019,4/29/2019,9218,PICK N SAVE #868,Merchandise,49.3,
4/26/2019,4/27/2019,9218,SENDIK'S GERMANTOW,Merchandise,8.67,
4/24/2019,4/26/2019,9218,SWING TIME GERMANTOWN,Entertainment,9,
4/25/2019,4/26/2019,9218,GAMETIME    TICKETS,Entertainment,564,
4/25/2019,4/26/2019,9218,SENDIK'S GERMANTOW,Merchandise,7.49,
4/24/2019,4/25/2019,9218,ADOBE *PHOTOGPHY PLAN,Merchandise,10.59,
4/24/2019,4/24/2019,9218,CAPITAL ONE AUTOPAY PYMT,Payment/Credit,,1435.57
4/23/2019,4/24/2019,9218,PANERA BREAD #601553,Dining,13.01,
4/23/2019,4/24/2019,9218,FRESH THYME #701 MILWAUKE,Merchandise,29.77,
4/22/2019,4/24/2019,9218,SWING TIME GERMANTOWN,Entertainment,9,
4/23/2019,4/24/2019,9218,AMZN MKTP US*MZ2YF7BW1 AM,Merchandise,53.97,
4/22/2019,4/23/2019,9218,AMZN MKTP US*MZ2MM1VX0 AM,Merchandise,20.06,
4/21/2019,4/23/2019,9218,KWIK TRIP  96400009647,Gas/Automotive,20.09,
4/20/2019,4/22/2019,9218,CITY OF MILW PARKING WEB,Other,27,
4/19/2019,4/22/2019,9218,PICK N SAVE #868,Merchandise,40.39,
4/19/2019,4/22/2019,9218,SWING TIME GERMANTOWN,Entertainment,9,
4/19/2019,4/20/2019,9218,MEDIUM ANNUAL,Professional Services,50,
4/19/2019,4/20/2019,9218,Spotify USA,Phone/Cable,10.55,
4/17/2019,4/19/2019,9218,KWIK TRIP  63100006312,Gas/Automotive,44.07,
4/17/2019,4/18/2019,9218,PICK N SAVE #880,Merchandise,25.39,
4/16/2019,4/17/2019,9218,SENDIK'S GERMANTOW,Merchandise,19.07,
4/15/2019,4/16/2019,9218,SENDIK'S GERMANTOW,Merchandise,7.41,
4/14/2019,4/15/2019,9218,VZWRLSS*APOCC VISN,Phone/Cable,65.87,
4/13/2019,4/15/2019,9218,TWC*TIME WARNER CABLE,Phone/Cable,69.69,
4/12/2019,4/15/2019,9218,KWIK TRIP  63100006312,Gas/Automotive,32.99,
4/12/2019,4/13/2019,9218,TARGET        00008631,Merchandise,37.1,
4/11/2019,4/12/2019,9218,PANERA BREAD #601553,Dining,12.27,
4/11/2019,4/12/2019,9218,TM *BON IVER,Entertainment,182.35,
4/10/2019,4/11/2019,9218,CITY OF MILW PARKING WEB,Other,37,
4/9/2019,4/11/2019,9218,EMERYS SUPER FITNESS,Merchandise,58.83,
4/8/2019,4/10/2019,9218,BLACKSTONE CREEK GOLF CLU,Dining,33,
4/8/2019,4/9/2019,9218,PANERA BREAD #601553,Dining,13.01,
4/8/2019,4/9/2019,9218,TRADER JOE'S #711  QPS,Merchandise,42.06,
4/6/2019,4/8/2019,9218,TRYSTING PLACE PUB,Dining,22,
4/5/2019,4/8/2019,9218,KWIK TRIP  63100006312,Gas/Automotive,4.2,
4/5/2019,4/8/2019,9218,ST1X GOLF ENTERTAINMENT,Entertainment,22.5,
4/4/2019,4/6/2019,9218,KWIK TRIP  63100006312,Gas/Automotive,48.39,
4/2/2019,4/3/2019,9218,METRO MARKET #371,Merchandise,29.76,
4/1/2019,4/2/2019,9218,PANERA BREAD #601553,Dining,12.38,
3/31/2019,4/1/2019,9218,AMZN MKTP US*MW42Y2DS1 AM,Merchandise,765.07,
3/31/2019,4/1/2019,9218,HARRYS ON BRADY,Dining,27.95,
3/30/2019,4/1/2019,9218,Black Sheep,Dining,24.15,
3/30/2019,4/1/2019,9218,DNCSS MILLER PARK CONC,Dining,18.5,
3/30/2019,4/1/2019,9218,PICK N SAVE #868,Merchandise,16.96,
3/28/2019,3/30/2019,9218,UNCLE WOLFIES BREAKFAST T,Dining,40.29,
3/28/2019,3/30/2019,9218,DNCSS MILLER PARK CONC,Dining,9.25,
3/28/2019,3/30/2019,9218,DNCSS MILLER PARK CONC,Dining,9.25,
3/28/2019,3/29/2019,9218,HLU*Hulu 318991829138-U,Phone/Cable,63.3,
3/28/2019,3/29/2019,9218,LYFT   *RIDE WED 10PM,Other Travel,5.99,
3/28/2019,3/29/2019,9218,UBER   TRIP,Other Travel,6.87,
3/26/2019,3/29/2019,9218,WHO`S ON THIRD MILWAUKEE`,Dining,17.86,
3/28/2019,3/29/2019,9218,GOOD CITY BREWING-JUNEAU,Dining,21.6,
3/27/2019,3/28/2019,9218,PICK N SAVE #868,Merchandise,16.27,
3/27/2019,3/28/2019,9218,SENDIK'S GERMANTOW,Merchandise,8.98,
3/26/2019,3/28/2019,9218,FRESH THYME #706 MENOMONE,Merchandise,7.89,
3/26/2019,3/27/2019,9218,TARGET        00008631,Merchandise,24.26,
3/24/2019,3/25/2019,9218,CAPITAL ONE AUTOPAY PYMT,Payment/Credit,,2178.28
3/24/2019,3/25/2019,9218,PICK N SAVE #868,Merchandise,18.7,
3/24/2019,3/25/2019,9218,ADOBE *PHOTOGPHY PLAN,Merchandise,10.59,
3/22/2019,3/23/2019,9218,METRO MARKET #892,Merchandise,8.92,
3/21/2019,3/22/2019,9218,PICK N SAVE #868,Merchandise,41.65,
3/21/2019,3/22/2019,9218,AMZN Mktp US*MW12M70O0,Merchandise,55.61,
3/20/2019,3/22/2019,9218,KWIK TRIP  63100006312,Gas/Automotive,27.5,
3/20/2019,3/21/2019,9218,TARGET        00008631,Merchandise,41.79,
3/19/2019,3/20/2019,9218,PANERA BREAD #601553,Dining,13.01,
3/19/2019,3/20/2019,9218,PICK N SAVE #880,Merchandise,9.28,
3/19/2019,3/20/2019,9218,Spotify USA,Phone/Cable,10.55,
3/17/2019,3/19/2019,9218,CASEYS VERONA,Gas/Automotive,4.32,
3/18/2019,3/19/2019,9218,SENDIK'S GERMANTOW,Merchandise,9.57,
3/16/2019,3/18/2019,9218,KWIK TRIP  65000006502,Gas/Automotive,49.38,
3/16/2019,3/18/2019,9218,PANERA BREAD #601565,Dining,10.35,
3/16/2019,3/18/2019,9218,TWC*TIME WARNER CABLE,Phone/Cable,69.69,
3/15/2019,3/16/2019,9218,TARGET        00008631,Merchandise,34.55,
3/15/2019,3/15/2019,9218,AMAZON.COM*MW6WL1Z40 AMZN,Merchandise,50.27,
3/14/2019,3/15/2019,9218,UDEMY ONLINE COURSES,Other,19.98,
3/13/2019,3/15/2019,9218,TANGLE OF GERMANTOWN,Other Services,27,
3/14/2019,3/15/2019,9218,SENDIK'S GERMANTOW,Merchandise,63.29,
3/14/2019,3/15/2019,9218,VZWRLSS*APOCC VISN,Phone/Cable,65.87,
3/13/2019,3/14/2019,9218,PICK N SAVE #880,Merchandise,27.16,
3/13/2019,3/14/2019,9218,SENDIK'S GERMANTOW,Merchandise,41.36,
3/12/2019,3/13/2019,9218,TRADER JOE'S #711  QPS,Merchandise,53.53,
3/12/2019,3/13/2019,9218,SENDIK'S GERMANTOW,Merchandise,6.78,
3/11/2019,3/12/2019,9218,TARGET        00008631,Merchandise,17.59,
3/9/2019,3/11/2019,9218,PICK N SAVE #868,Merchandise,16.89,
3/9/2019,3/11/2019,9218,PICK N SAVE #868,Merchandise,30.93,
3/8/2019,3/11/2019,9218,U-HAUL MOVING & STORAGE O,Merchandise,10.5,
3/8/2019,3/11/2019,9218,MENARDS GERMANTOWN WI,Merchandise,82.14,
3/6/2019,3/8/2019,9218,KWIK TRIP  63100006312,Gas/Automotive,32.64,
3/6/2019,3/7/2019,9218,TRADER JOE'S #711  QPS,Merchandise,43.51,
3/6/2019,3/7/2019,9218,WAL-MART #1515,Merchandise,27.62,
3/5/2019,3/6/2019,9218,MILLS FLEET FARM 1600,Merchandise,80.75,
3/5/2019,3/6/2019,9218,AMZN Mktp US*MI7I438K2,Merchandise,24.24,
3/5/2019,3/6/2019,9218,AMZN Mktp US*MI0BJ19J0,Merchandise,41.5,
3/4/2019,3/5/2019,9218,PICK N SAVE #357,Merchandise,11.5,
3/2/2019,3/4/2019,9218,BELMONT TAVERN,Dining,9,
3/2/2019,3/4/2019,9218,UBER   TRIP,Other Travel,7.81,
3/2/2019,3/4/2019,9218,UBER   TRIP ZMOA4,Other Travel,1,
3/1/2019,3/4/2019,9218,ST1X GOLF ENTERTAINMENT,Entertainment,67.05,
3/1/2019,3/2/2019,9218,PICK N SAVE #868,Merchandise,27.03,
3/1/2019,3/2/2019,9218,PAYPAL *MLB,Phone/Cable,,91.99
2/28/2019,3/2/2019,9218,HLU*Hulu 318991829747-U,Phone/Cable,63.3,
2/28/2019,3/1/2019,9218,PAYPAL *MLB,Phone/Cable,91.99,
2/27/2019,3/1/2019,9218,2WISC CTR DIST19021302,Dining,7,
2/28/2019,3/1/2019,9218,THE LOADED SLATE,Dining,33.61,
2/27/2019,2/28/2019,9218,GROUPON INC,Other Services,5,
2/26/2019,2/27/2019,9218,SENDIK'S GERMANTOW,Merchandise,21.98,
2/25/2019,2/27/2019,9218,KWIK TRIP  63100006312,Gas/Automotive,34.39,
2/24/2019,2/25/2019,9218,CAPITAL ONE AUTOPAY PYMT,Payment/Credit,,2000.32
2/24/2019,2/25/2019,9218,APL*ITUNES.COM/BILL,Merchandise,6.33,
2/23/2019,2/25/2019,9218,STARBUCKS STORE 02524,Dining,2.6,
2/24/2019,2/25/2019,9218,ADOBE *PHOTOGPHY PLAN,Merchandise,10.59,
2/23/2019,2/25/2019,9218,PICK N SAVE #868,Merchandise,23.39,
2/22/2019,2/25/2019,9218,BRISCO COUNTY WOODEN GRIL,Dining,6.5,
2/22/2019,2/23/2019,9218,Blizzard Entertainment,Entertainment,63.35,
2/21/2019,2/23/2019,9218,SUBWAY        00388363,Dining,8.75,
2/21/2019,2/22/2019,9218,TRADER JOE'S #711  QPS,Merchandise,52.5,
2/21/2019,2/22/2019,9218,WM SUPERCENTER #1515,Merchandise,13.88,
2/19/2019,2/21/2019,9218,UNITED      0162608975559,Airfare,30,
2/19/2019,2/21/2019,9218,EXPRESS MARKET CON B,Merchandise,6.24,
2/19/2019,2/20/2019,9218,WOODY CREEK BAKERY & C,Dining,13.34,
2/19/2019,2/20/2019,9218,SQ *RISE & SHINE BI,Dining,11.18,
2/19/2019,2/20/2019,9218,Spotify USA,Phone/Cable,10.55,
2/18/2019,2/19/2019,9218,KING SOOPERS #0001,Merchandise,42.72,
2/17/2019,2/19/2019,9218,Work & Class,Dining,31.27,
2/18/2019,2/19/2019,9218,ARAPAHOE BASIN SKI AREA,Entertainment,85,
2/18/2019,2/18/2019,9218,UBER   TRIP,Other Travel,8.5,
2/18/2019,2/18/2019,9218,UBER   TRIP YATWU,Other Travel,1,
2/15/2019,2/18/2019,9218,DILLON RIDGE LIQUORS,Merchandise,25.02,
2/15/2019,2/18/2019,9218,ARAPAHOE CAFE,Dining,21.73,
2/17/2019,2/18/2019,9218,KEYSTONE LIFT TKTS/PASS,Entertainment,103,
2/16/2019,2/18/2019,9218,LAKESIDE BOWL,Entertainment,17,
2/15/2019,2/18/2019,9218,UNITED      0162608662450,Airfare,30,
2/16/2019,2/18/2019,9218,TWC*TIME WARNER CABLE,Phone/Cable,69.69,
2/16/2019,2/16/2019,9218,VERO MARKET LLC,Dining,20.41,
2/14/2019,2/16/2019,9218,STARBUCKS STORE 02351,Dining,2.57,
2/14/2019,2/16/2019,9218,REI #60 BROOKFIELD,Merchandise,92.41,
2/15/2019,2/16/2019,9218,NETPARK INTERFLIGHT,Gas/Automotive,40,
2/14/2019,2/15/2019,9218,VZWRLSS*APOCC VISN,Phone/Cable,65.87,
2/13/2019,2/14/2019,9218,PICK N SAVE #880,Merchandise,8.44,
2/13/2019,2/14/2019,9218,PICK N SAVE #880,Merchandise,12.16,
2/13/2019,2/14/2019,9218,SENDIK'S GERMANTOW,Merchandise,10.44,
2/12/2019,2/14/2019,9218,COLECTIVO COFFEE-MEQUO,Dining,16.4,
2/11/2019,2/13/2019,9218,KWIK TRIP  63100006312,Gas/Automotive,7.6,
2/11/2019,2/12/2019,9218,TARGET        00008631,Merchandise,40.12,
2/10/2019,2/11/2019,9218,UBER   TRIP,Other Travel,12.13,
2/10/2019,2/11/2019,9218,Central Standard,Dining,40,
2/9/2019,2/11/2019,9218,PABST BREWING CO,Dining,23,
2/9/2019,2/11/2019,9218,STARBUCKS STORE 09618,Dining,2.59,
2/9/2019,2/11/2019,9218,TACO BELL 031983,Dining,7.31,
2/9/2019,2/11/2019,9218,KWIK TRIP  63100006312,Gas/Automotive,34.81,
2/7/2019,2/8/2019,9218,PROGRESSIVE *INSURANCE,Insurance,494,
2/6/2019,2/7/2019,9218,PICK N SAVE #880,Merchandise,20.97,
2/5/2019,2/6/2019,9218,SQ *THE RUBY TAP,Dining,19.02,
2/5/2019,2/6/2019,9218,SENDIK'S WAUWATOSA,Merchandise,36.42,
2/3/2019,2/4/2019,9218,FRESH THYME #701 MILWAUKE,Merchandise,41.9,
2/3/2019,2/4/2019,9218,PICK N SAVE #868,Merchandise,12.87,
2/3/2019,2/4/2019,9218,Amazon web services,Other Services,0.61,
2/1/2019,2/4/2019,9218,STARBUCKS STORE 09618,Dining,2.59,
1/29/2019,2/1/2019,9218,TANGLE OF GERMANTOWN,Other Services,25,
1/29/2019,1/30/2019,9218,TRADER JOE'S #711  QPS,Merchandise,39.07,
1/28/2019,1/29/2019,9218,HLU*Hulu 318991826636-U,Phone/Cable,58.02,
1/28/2019,1/29/2019,9218,SUBPOP.COM,Merchandise,27.27,
1/28/2019,1/29/2019,9218,Microsoft *Store,Internet,146.79,
1/27/2019,1/28/2019,9218,DHAWAN CORPORATION,Gas/Automotive,30.16,
1/27/2019,1/28/2019,9218,FRESH THYME #701 MILWAUKE,Merchandise,34.24,
1/25/2019,1/28/2019,9218,STARBUCKS STORE 09618,Dining,2.59,
1/24/2019,1/25/2019,9218,PANERA BREAD #601553,Dining,1.46,
1/24/2019,1/25/2019,9218,PANERA BREAD #601553,Dining,9.02,
1/23/2019,1/25/2019,9218,OLYDIAS BAR AND GRILL,Dining,24.34,
1/24/2019,1/25/2019,9218,ADOBE *PHOTOGPHY PLAN,Merchandise,10.59,
1/24/2019,1/24/2019,9218,CAPITAL ONE AUTOPAY PYMT,Payment/Credit,,4394.4
1/22/2019,1/24/2019,9218,UNITED      0162435005174,Airfare,316.6,
1/22/2019,1/24/2019,9218,KWIK TRIP  63100006312,Gas/Automotive,29.82,
1/23/2019,1/23/2019,9218,CAPITAL ONE ONLINE PYMT,Payment/Credit,,1500
1/22/2019,1/23/2019,9218,MILWAUKEE RESCUE,Other Services,1500,
1/21/2019,1/23/2019,9218,MENARDS GERMANTOWN WI,Merchandise,22.13,
1/21/2019,1/22/2019,9218,PICK N SAVE #880,Merchandise,19.34,
1/21/2019,1/22/2019,9218,TARGET        00008631,Merchandise,15.49,
1/19/2019,1/21/2019,9218,PICK N SAVE #868,Merchandise,12.97,
1/19/2019,1/21/2019,9218,AMZN Mktp US*MB3JN2MU1,Merchandise,153.68,
1/18/2019,1/21/2019,9218,ST1X GOLF ENTERTAINMENT,Entertainment,82.22,
1/19/2019,1/21/2019,9218,Spotify USA,Phone/Cable,10.55,
1/18/2019,1/19/2019,9218,SENDIK'S GERMANTOW,Merchandise,10.44,
1/17/2019,1/19/2019,9218,COLECTIVO COFFEE-MEQUO,Dining,21.01,
1/16/2019,1/17/2019,9218,TWC*TIME WARNER CABLE,Phone/Cable,69.69,
1/14/2019,1/15/2019,9218,VZWRLSS*APOCC VISN,Phone/Cable,65.85,
1/13/2019,1/14/2019,9218,OLD TOWN WI LLC,Dining,88.92,
1/11/2019,1/14/2019,9218,KWIK TRIP  63100006312,Gas/Automotive,29.92,
1/10/2019,1/10/2019,9218,Amazon Prime,Other Services,119.73,
1/8/2019,1/9/2019,9218,JOHNSTONMURPHY.COM 07515,Merchandise,137.27,
1/7/2019,1/8/2019,9218,PICK N SAVE #880,Merchandise,35.08,
1/4/2019,1/7/2019,9218,KWIK TRIP  84500008458,Gas/Automotive,21.94,
1/2/2019,1/4/2019,9218,USCONNECT WATSN VEND 1 S,Dining,1.45,
1/3/2019,1/3/2019,9218,Amazon web services,Other Services,0.18,
1/1/2019,1/2/2019,9218,UBER   TRIP XZIWZ,Other Travel,1,
1/1/2019,1/2/2019,9218,UBER   TRIP,Other Travel,8.78,
1/1/2019,1/2/2019,9218,UBER   TRIP,Other Travel,7.1,
12/31/2018,1/2/2019,9218,AMZ*Wikimedia Founda,Other Services,3.75,
12/30/2018,1/2/2019,9218,KWIK TRIP  97200009720,Gas/Automotive,27.84,
